{"auroc_macro": 0.9233068823814392, "auroc_per_class": [0.8803719878196716, 0.9056695103645325, 0.9450799226760864, 0.9662151336669922, 0.8950486779212952, 0.947455883026123], "f1_macro": 0.3176831305027008, "f1_micro": 0.42422136664390564, "f1_per_calss": [0.42576199769973755, 0.19872814416885376, 0.24350205063819885, 0.35214975476264954, 0.45320990681648254, 0.23274695873260498], "precision_macro": 0.34896302223205566, "precision_micro": 0.32116615772247314, "recall_macro": 0.4100007116794586, "recall_micro": 0.6246616840362549, "epoch_id": 1, "batch_id": 6075, "loss": null}
