{"auroc_macro": 0.8990116119384766, "auroc_per_class": [0.8607537746429443, 0.8735986948013306, 0.9066407084465027, 0.960679292678833, 0.8730686902999878, 0.9193283319473267], "f1": 0.3729054629802704, "f1_per_calss": [0.37744438648223877, 0.1662987470626831, 0.040816325694322586, 0.3011305332183838, 0.3889337480068207, 0.1417069286108017], "precision_macro": 0.2848701775074005, "precision_micro": 0.2639404237270355, "recall_macro": 0.32897114753723145, "recall_micro": 0.6350998282432556, "epoch_id": 1, "batch_id": 3000, "loss": 0.15071873028202531}
{"auroc_macro": 0.9115227460861206, "auroc_per_class": [0.871127724647522, 0.8903926610946655, 0.9258071184158325, 0.9630608558654785, 0.8786100745201111, 0.9401379823684692], "f1": 0.3151134252548218, "f1_per_calss": [0.298213928937912, 0.1818181872367859, 0.1265474557876587, 0.31758421659469604, 0.35788628458976746, 0.1535836160182953], "precision_macro": 0.2803393602371216, "precision_micro": 0.19879327714443207, "recall_macro": 0.40636593103408813, "recall_micro": 0.7595497965812683, "epoch_id": 1, "batch_id": 6000, "loss": 0.18422315223873598}
{"auroc_macro": 0.9169365763664246, "auroc_per_class": [0.8827289342880249, 0.9010373950004578, 0.9268913865089417, 0.9652777910232544, 0.8916923403739929, 0.9339911937713623], "f1": 0.4070919156074524, "f1_per_calss": [0.40920621156692505, 0.09482758492231369, 0.1331484019756317, 0.3091042637825012, 0.43150264024734497, 0.25206124782562256], "precision_macro": 0.3985755741596222, "precision_micro": 0.2973191440105438, "recall_macro": 0.34269434213638306, "recall_micro": 0.6453670263290405, "epoch_id": 1, "batch_id": 9000, "loss": 0.1257966053282716}
{"auroc_macro": 0.918336808681488, "auroc_per_class": [0.8786068558692932, 0.901512622833252, 0.9351739883422852, 0.9665299654006958, 0.891350507736206, 0.9368466734886169], "f1": 0.41983264684677124, "f1_per_calss": [0.42456892132759094, 0.1795472353696823, 0.1633136123418808, 0.3468962013721466, 0.44682663679122925, 0.22923816740512848], "precision_macro": 0.32582926750183105, "precision_micro": 0.3176077902317047, "recall_macro": 0.39389318227767944, "recall_micro": 0.6190931797027588, "epoch_id": 1, "batch_id": null, "loss": 0.11707585562081414}
