{"auroc_macro": 0.8455621600151062, "auroc_per_class": [0.84670090675354, 0.8151241540908813, 0.8468100428581238, 0.9304328560829163, 0.863442063331604, 0.7708629369735718], "f1": 0.3575044870376587, "f1_per_calss": [0.3827524483203888, 0.0, 0.0, 0.0, 0.3544192612171173, 0.0], "precision_macro": 0.08551836758852005, "precision_micro": 0.257981538772583, "recall_macro": 0.21840700507164001, "recall_micro": 0.5820419788360596, "epoch_id": 1, "batch_id": 3000, "loss": 0.20058125959341055}
{"auroc_macro": 0.8965257406234741, "auroc_per_class": [0.870006263256073, 0.8904575109481812, 0.9034169912338257, 0.9463648796081543, 0.8848845958709717, 0.8840236663818359], "f1": 0.3871943950653076, "f1_per_calss": [0.40009477734565735, 0.0036166366189718246, 0.0, 0.1529831737279892, 0.39933037757873535, 0.0], "precision_macro": 0.2567952275276184, "precision_micro": 0.27821990847587585, "recall_macro": 0.25287938117980957, "recall_micro": 0.6365028023719788, "epoch_id": 1, "batch_id": 6000, "loss": 0.1381845989970873}
{"auroc_macro": 0.9083269834518433, "auroc_per_class": [0.8792093992233276, 0.8946126699447632, 0.9157841205596924, 0.9537599086761475, 0.8929358720779419, 0.9136594533920288], "f1": 0.38802820444107056, "f1_per_calss": [0.3811056613922119, 0.14793328940868378, 0.042718447744846344, 0.2978177070617676, 0.429854154586792, 0.14074073731899261], "precision_macro": 0.3441525995731354, "precision_micro": 0.27236321568489075, "recall_macro": 0.33856070041656494, "recall_micro": 0.6744467616081238, "epoch_id": 1, "batch_id": 9000, "loss": 0.1452468707214579}
{"auroc_macro": 0.9115946292877197, "auroc_per_class": [0.8812404870986938, 0.8961471319198608, 0.9192792177200317, 0.9556874632835388, 0.8958413600921631, 0.9213720560073853], "f1": 0.434030681848526, "f1_per_calss": [0.4636588990688324, 0.08074011653661728, 0.031434185802936554, 0.29964062571525574, 0.439573734998703, 0.12015503644943237], "precision_macro": 0.42588433623313904, "precision_micro": 0.3892023265361786, "recall_macro": 0.26590800285339355, "recall_micro": 0.49052995443344116, "epoch_id": 1, "batch_id": null, "loss": 0.0994889756204493}
{"auroc_macro": 0.9092825651168823, "auroc_per_class": [0.8728680610656738, 0.8991332054138184, 0.9226827025413513, 0.9540408849716187, 0.8883399963378906, 0.9186304807662964], "f1": 0.3733035624027252, "f1_per_calss": [0.37485799193382263, 0.054654140025377274, 0.03155818581581116, 0.2649315893650055, 0.39517828822135925, 0.06329113990068436], "precision_macro": 0.39657413959503174, "precision_micro": 0.2569335997104645, "recall_macro": 0.3061430752277374, "recall_micro": 0.6823544502258301, "epoch_id": 2, "batch_id": 3000, "loss": 0.19824031141945583}
{"auroc_macro": 0.9119938611984253, "auroc_per_class": [0.8798869848251343, 0.8983452916145325, 0.9162576198577881, 0.9548788666725159, 0.8947165608406067, 0.9278779625892639], "f1": 0.351981520652771, "f1_per_calss": [0.34419310092926025, 0.17397356033325195, 0.14492753148078918, 0.2788753807544708, 0.38086453080177307, 0.08695652335882187], "precision_macro": 0.34203171730041504, "precision_micro": 0.23061849176883698, "recall_macro": 0.3542778491973877, "recall_micro": 0.7429692149162292, "epoch_id": 2, "batch_id": 6000, "loss": 0.16846423610825256}
{"auroc_macro": 0.9171489477157593, "auroc_per_class": [0.8841742277145386, 0.9034376740455627, 0.9307143092155457, 0.959496259689331, 0.8982518911361694, 0.9268192052841187], "f1": 0.3961203992366791, "f1_per_calss": [0.39866167306900024, 0.13464447855949402, 0.09009008854627609, 0.31289178133010864, 0.4164345860481262, 0.13766729831695557], "precision_macro": 0.3530183732509613, "precision_micro": 0.2785146236419678, "recall_macro": 0.3460272550582886, "recall_micro": 0.6856386661529541, "epoch_id": 2, "batch_id": 9000, "loss": 0.13393835632326853}
{"auroc_macro": 0.920268177986145, "auroc_per_class": [0.8850630521774292, 0.9094159603118896, 0.9306412935256958, 0.959834635257721, 0.8995450735092163, 0.9371087551116943], "f1": 0.4445587694644928, "f1_per_calss": [0.4717089533805847, 0.1034482792019844, 0.08944544196128845, 0.2877084016799927, 0.4464399218559265, 0.07127882540225983], "precision_macro": 0.43575868010520935, "precision_micro": 0.36653146147727966, "recall_macro": 0.2726385295391083, "recall_micro": 0.5647917985916138, "epoch_id": 2, "batch_id": null, "loss": 0.09954101635332349}
{"auroc_macro": 0.912778377532959, "auroc_per_class": [0.8758679032325745, 0.9018027186393738, 0.920005738735199, 0.9564728736877441, 0.8897541165351868, 0.9327669143676758], "f1": 0.3315974473953247, "f1_per_calss": [0.34132468700408936, 0.04716157168149948, 0.049242425709962845, 0.2997795641422272, 0.3310663104057312, 0.013215859420597553], "precision_macro": 0.4002344012260437, "precision_micro": 0.2119549810886383, "recall_macro": 0.35523146390914917, "recall_micro": 0.7613672614097595, "epoch_id": 3, "batch_id": 3000, "loss": 0.204391658119917}
{"auroc_macro": 0.917411208152771, "auroc_per_class": [0.8841596245765686, 0.9063160419464111, 0.9249202013015747, 0.9587602615356445, 0.8976948261260986, 0.932616114616394], "f1": 0.39574286341667175, "f1_per_calss": [0.38769662380218506, 0.12705881893634796, 0.14040561020374298, 0.32763671875, 0.43751832842826843, 0.24074074625968933], "precision_macro": 0.33520692586898804, "precision_micro": 0.27908650040626526, "recall_macro": 0.3720380663871765, "recall_micro": 0.6799629926681519, "epoch_id": 3, "batch_id": 6000, "loss": 0.13405109011352978}
{"auroc_macro": 0.9194857478141785, "auroc_per_class": [0.8884040117263794, 0.904973030090332, 0.9272161722183228, 0.9608021378517151, 0.9008660316467285, 0.9346528053283691], "f1": 0.35418468713760376, "f1_per_calss": [0.34706324338912964, 0.1458173394203186, 0.15748031437397003, 0.3208763003349304, 0.37837615609169006, 0.17850637435913086], "precision_macro": 0.34855133295059204, "precision_micro": 0.23053237795829773, "recall_macro": 0.3814408481121063, "recall_micro": 0.763949990272522, "epoch_id": 3, "batch_id": 9000, "loss": 0.16310001682109346}
{"auroc_macro": 0.9233416318893433, "auroc_per_class": [0.8870109915733337, 0.9142087697982788, 0.9383078813552856, 0.962066113948822, 0.9010149240493774, 0.9374411106109619], "f1": 0.41837894916534424, "f1_per_calss": [0.42278239130973816, 0.125100240111351, 0.20286396145820618, 0.332293301820755, 0.43975329399108887, 0.2601398527622223], "precision_macro": 0.33930426836013794, "precision_micro": 0.3069017827510834, "recall_macro": 0.37994837760925293, "recall_micro": 0.6570371985435486, "epoch_id": 3, "batch_id": null, "loss": 0.11840290439191899}
