{"auroc_macro": 0.9280256032943726, "auroc_per_class": [0.8882044553756714, 0.9203727841377258, 0.9500160217285156, 0.9605625867843628, 0.8998824954032898, 0.9491150975227356], "f1_macro": 0.30112794041633606, "f1_micro": 0.41946548223495483, "f1_per_calss": [0.42275744676589966, 0.12006578594446182, 0.23056994378566742, 0.3264826834201813, 0.4420270323753357, 0.26486486196517944], "precision_macro": 0.3324592709541321, "precision_micro": 0.3078835904598236, "recall_macro": 0.3836959898471832, "recall_micro": 0.6578981876373291, "epoch_id": 1, "batch_id": 6075, "loss": null}
