{"auroc_macro": 0.8787282705307007, "auroc_per_class": [0.8479416370391846, 0.8572546243667603, 0.8590384721755981, 0.9423013925552368, 0.857986569404602, 0.9078468680381775], "f1": 0.3336755931377411, "f1_per_calss": [0.34523946046829224, 0.10806577652692795, 0.0, 0.1887957602739334, 0.33540138602256775, 0.1516587734222412], "precision_macro": 0.22994422912597656, "precision_micro": 0.22411225736141205, "recall_macro": 0.29135027527809143, "recall_micro": 0.6528282761573792, "epoch_id": 1, "batch_id": 3000, "loss": 0.1682335889454512}
{"auroc_macro": 0.9052637815475464, "auroc_per_class": [0.8681292533874512, 0.8921464681625366, 0.9002149701118469, 0.9592598676681519, 0.882838249206543, 0.9289935231208801], "f1": 0.42005932331085205, "f1_per_calss": [0.4428439736366272, 0.13145539164543152, 0.033898305147886276, 0.25996679067611694, 0.42756468057632446, 0.25527191162109375], "precision_macro": 0.35218116641044617, "precision_micro": 0.3860854208469391, "recall_macro": 0.2560485303401947, "recall_micro": 0.4605892598628998, "epoch_id": 1, "batch_id": 6000, "loss": 0.09782396747263071}
{"auroc_macro": 0.9126574397087097, "auroc_per_class": [0.8738163709640503, 0.9008957147598267, 0.9063137173652649, 0.9572017192840576, 0.8874989151954651, 0.9502180814743042], "f1": 0.3726438581943512, "f1_per_calss": [0.3788055181503296, 0.1530221849679947, 0.06872852146625519, 0.27299702167510986, 0.3812010586261749, 0.24390244483947754], "precision_macro": 0.34095650911331177, "precision_micro": 0.25675269961357117, "recall_macro": 0.3326289653778076, "recall_micro": 0.6792296171188354, "epoch_id": 1, "batch_id": 9000, "loss": 0.14003793340986811}
{"auroc_macro": 0.9133120775222778, "auroc_per_class": [0.8740664124488831, 0.9001510739326477, 0.9113597273826599, 0.9584781527519226, 0.8861560821533203, 0.9496610760688782], "f1": 0.36688753962516785, "f1_per_calss": [0.3611817955970764, 0.17185185849666595, 0.09385113418102264, 0.31934547424316406, 0.3942037522792816, 0.2575107216835022], "precision_macro": 0.3055780529975891, "precision_micro": 0.24938111007213593, "recall_macro": 0.375573068857193, "recall_micro": 0.6938014030456543, "epoch_id": 1, "batch_id": null, "loss": 0.14892012746488387}
{"auroc_macro": 0.9049239158630371, "auroc_per_class": [0.8625413179397583, 0.8903015851974487, 0.9129021167755127, 0.9537011981010437, 0.8715216517448425, 0.9385759234428406], "f1": 0.3600783348083496, "f1_per_calss": [0.3690054714679718, 0.06996586918830872, 0.03696857765316963, 0.29062899947166443, 0.36681488156318665, 0.23229461908340454], "precision_macro": 0.3078005313873291, "precision_micro": 0.24765007197856903, "recall_macro": 0.34038370847702026, "recall_micro": 0.6594604849815369, "epoch_id": 2, "batch_id": 3000, "loss": 0.14675411382777803}
{"auroc_macro": 0.9155248403549194, "auroc_per_class": [0.877418041229248, 0.8999137282371521, 0.9157958030700684, 0.960632860660553, 0.8901507258415222, 0.9492379426956177], "f1": 0.4239655137062073, "f1_per_calss": [0.44074252247810364, 0.08828523010015488, 0.07233273237943649, 0.29790419340133667, 0.4314129054546356, 0.25151515007019043], "precision_macro": 0.4033034145832062, "precision_micro": 0.3361090421676636, "recall_macro": 0.2972133159637451, "recall_micro": 0.5740067362785339, "epoch_id": 2, "batch_id": 6000, "loss": 0.1059839035945657}
{"auroc_macro": 0.9150710105895996, "auroc_per_class": [0.8810871243476868, 0.8999414443969727, 0.9149250984191895, 0.9593088626861572, 0.8902432918548584, 0.9449200630187988], "f1": 0.34169960021972656, "f1_per_calss": [0.3360303044319153, 0.13886672258377075, 0.11612903326749802, 0.30474570393562317, 0.3652350604534149, 0.2624053955078125], "precision_macro": 0.29046735167503357, "precision_micro": 0.22044110298156738, "recall_macro": 0.4335174560546875, "recall_micro": 0.7594541311264038, "epoch_id": 2, "batch_id": 9000, "loss": 0.16830653729002584}
{"auroc_macro": 0.9187118411064148, "auroc_per_class": [0.8815969824790955, 0.9065239429473877, 0.9199228286743164, 0.9633023738861084, 0.8938292860984802, 0.9470951557159424], "f1": 0.4185259938240051, "f1_per_calss": [0.42065173387527466, 0.14785991609096527, 0.11940298229455948, 0.33476150035858154, 0.4456958472728729, 0.2826666533946991], "precision_macro": 0.3415805697441101, "precision_micro": 0.31707075238227844, "recall_macro": 0.35017943382263184, "recall_micro": 0.6154581904411316, "epoch_id": 2, "batch_id": null, "loss": 0.11564349412120752}
{"auroc_macro": 0.9086520671844482, "auroc_per_class": [0.8680750131607056, 0.8900675773620605, 0.9123560190200806, 0.9592676758766174, 0.8798617124557495, 0.9422842860221863], "f1": 0.38748636841773987, "f1_per_calss": [0.39638346433639526, 0.16458486020565033, 0.03339517489075661, 0.3046875, 0.3959326148033142, 0.24644549190998077], "precision_macro": 0.31744450330734253, "precision_micro": 0.2801518738269806, "recall_macro": 0.32693782448768616, "recall_micro": 0.6281487345695496, "epoch_id": 3, "batch_id": 3000, "loss": 0.13485002563117465}
