{"auroc_macro": 0.9272648692131042, "auroc_per_class": [0.8853538036346436, 0.9196150898933411, 0.9402757883071899, 0.9625262022018433, 0.8966649770736694, 0.9591530561447144], "f1": 0.4266684651374817, "f1_per_calss": [0.42625224590301514, 0.171875, 0.17628204822540283, 0.3533163368701935, 0.4552440047264099, 0.2762284278869629], "precision_macro": 0.3566732406616211, "precision_micro": 0.3238023519515991, "recall_macro": 0.3654092252254486, "recall_micro": 0.6253218054771423, "epoch_id": 1, "batch_id": 6075, "loss": null}
{"auroc_macro": 0.9272648692131042, "auroc_per_class": [0.8853538036346436, 0.9196150898933411, 0.9402757883071899, 0.9625262022018433, 0.8966649770736694, 0.9591530561447144], "f1_macro": 0.309866338968277, "f1_micro": 0.4266684651374817, "f1_per_calss": [0.42625224590301514, 0.171875, 0.17628204822540283, 0.3533163368701935, 0.4552440047264099, 0.2762284278869629], "precision_macro": 0.3566732406616211, "precision_micro": 0.3238023519515991, "recall_macro": 0.3654092252254486, "recall_micro": 0.6253218054771423, "epoch_id": 1, "batch_id": 6075, "loss": null}
